participantId,group,introduction,consent,pre-example,example,global-warming-projection (s),co2-emissions (s),pre-questionnaire,footnote-questionaire-1,footnote-questionaire-2,demographics-custom,badge-questionaire-1,badge-questionaire-2,total (s)
9a73ce92-5365-411d-a81d-1db38ff72f4e,footnote,5.83,151.218,145.04,56.1,396.594,494.618,2.843,822.727,395.532,35.751,0.0,0.0,2506.2529999999997
2b69160b-3a1e-4ad9-9039-f3758f20b569,footnote,2.898,8.969,4.904,214.515,705.509,575.727,1.858,155.517,23.657,23.464,0.0,0.0,1717.018
37b66c79-da74-498e-9567-c79c5d7efd41,badge,23.665,149.955,50.02,109.084,904.777,2316.331,6.788,0.0,0.0,32.153,10907.425,40.671,14540.868999999999
4798e3dc-4588-41b2-8e23-9f43d695c79e,footnote,124.692,70.088,19.432,724.575,710.944,689.012,5.821,342.76,182.585,41.607,0.0,0.0,2911.516
0b6ad5e0-be61-411e-980c-c773e0482c66,badge,100.567,63.348,18.677,29.883,311.733,137.847,2.415,0.0,0.0,37.723,94.482,31.809,828.484
6a223d18-f389-4312-a78f-38ca9bbbd583,badge,21.989,106.298,32.777,962.536,239002.358,212.345,5.864,0.0,0.0,85.951,829.621,37.844,241297.583
